9.578470,10.114968
4.881737,2.644076
9.578471,10.114968
4.881737,2.644076
9.578471,10.114968
9.578470,10.114968
9.578471,10.114968
9.578470,10.114968
9.578471,10.114968
9.578470,10.114968
9.578470,10.114968
9.578470,10.114968
9.578471,10.114968
9.578470,10.114968
9.578471,10.114968
9.578470,10.114968
9.578470,10.114968
9.578470,10.114968
9.578470,10.114968
9.578471,10.114968
9.578470,10.114968
9.578470,10.114968
9.578471,10.114968
9.578470,10.114968
9.578470,10.114968
9.578471,10.114968
9.578470,10.114968
-4.156798,6.280178
9.578471,10.114968
9.578471,10.114968
9.578470,10.114968
9.578470,10.114968
9.578470,10.114968
9.578470,10.114968
9.578470,10.114968
9.578470,10.114968
9.578471,10.114968
9.578470,10.114968
9.578470,10.114968
9.578470,10.114968
9.578470,10.114968
9.578470,10.114968
9.578471,10.114968
9.578471,10.114968
9.578470,10.114968
9.578471,10.114968
9.578470,10.114968
9.578471,10.114968
9.578471,10.114968
9.578470,10.114968
9.578470,10.114968
9.578470,10.114968
-4.156798,6.280178
9.578470,10.114968
9.578471,10.114968
9.578470,10.114968
9.578470,10.114968
9.578470,10.114968
9.578471,10.114968
9.578470,10.114968
9.578470,10.114968
4.881737,2.644076
9.578471,10.114968
4.881737,2.644076
4.881737,2.644076
9.578470,10.114968
9.578471,10.114968
-4.156798,6.280178
9.578471,10.114968
9.578470,10.114968
9.578470,10.114968
4.881737,2.644076
9.578471,10.114968
9.578470,10.114968
9.578470,10.114968
9.578471,10.114968
9.578470,10.114968
9.578470,10.114968
9.578470,10.114968
9.578470,10.114968
9.578470,10.114968
9.578470,10.114968
9.578470,10.114968
9.578470,10.114968
9.578470,10.114968
9.578470,10.114968
4.881737,2.644076
4.881737,2.644076
9.578470,10.114968
9.578471,10.114968
9.578470,10.114968
9.578470,10.114968
9.578470,10.114968
9.578470,10.114968
9.578470,10.114968
-4.156798,6.280178
9.578470,10.114968
9.578470,10.114968
4.881737,2.644076
9.578471,10.114968
4.881737,2.644076
4.881737,2.644076
4.881737,2.644076
4.881737,2.644076
4.881737,2.644076
4.881737,2.644076
4.881737,2.644076
4.881737,2.644076
4.881737,2.644076
4.881737,2.644076
4.881737,2.644076
4.881737,2.644076
4.881737,2.644076
4.881737,2.644076
4.881737,2.644076
4.881737,2.644076
4.881737,2.644076
4.881737,2.644076
4.881737,2.644076
4.881737,2.644076
4.881737,2.644076
4.881737,2.644076
4.881737,2.644076
4.881737,2.644076
4.881737,2.644076
4.881737,2.644076
4.881737,2.644076
4.881737,2.644076
4.881737,2.644076
4.881737,2.644076
4.881737,2.644076
4.881737,2.644076
4.881737,2.644076
4.881737,2.644076
4.881737,2.644076
4.881737,2.644076
4.881737,2.644076
4.881737,2.644076
4.881737,2.644076
4.881737,2.644076
4.881737,2.644076
4.881737,2.644076
4.881737,2.644076
4.881737,2.644076
4.881737,2.644076
4.881737,2.644076
4.881737,2.644076
4.881737,2.644076
4.881737,2.644076
4.881737,2.644076
4.881737,2.644076
4.881737,2.644076
4.881737,2.644076
4.881737,2.644076
4.881737,2.644076
4.881737,2.644076
4.881737,2.644076
4.881737,2.644076
4.881737,2.644076
4.881737,2.644076
4.881737,2.644076
4.881737,2.644076
4.881737,2.644076
4.881737,2.644076
4.881737,2.644076
4.881737,2.644076
4.881737,2.644076
4.881737,2.644076
4.881737,2.644076
4.881737,2.644076
4.881737,2.644076
4.881737,2.644076
4.881737,2.644076
4.881737,2.644076
4.881737,2.644076
4.881737,2.644076
4.881737,2.644076
4.881737,2.644076
4.881737,2.644076
4.881737,2.644076
4.881737,2.644076
4.881737,2.644076
4.881737,2.644076
4.881737,2.644076
4.881737,2.644076
4.881737,2.644076
4.881737,2.644076
4.881737,2.644076
4.881737,2.644076
4.881737,2.644076
4.881737,2.644076
4.881737,2.644076
4.881737,2.644076
4.881737,2.644076
4.881737,2.644076
4.881737,2.644076
4.881737,2.644076
4.881737,2.644076
4.881737,2.644076
4.881737,2.644076
4.881737,2.644076
4.881737,2.644076
4.881737,2.644076
4.881737,2.644076
4.881737,2.644076
-4.156798,6.280178
4.881737,2.644076
4.881737,2.644076
4.881737,2.644076
4.881737,2.644076
4.881737,2.644076
4.881737,2.644076
4.881737,2.644076
4.881737,2.644076
4.881737,2.644076
4.881737,2.644076
4.881737,2.644076
4.881737,2.644076
4.881737,2.644076
4.881737,2.644076
4.881737,2.644076
4.881737,2.644076
4.881737,2.644076
4.881737,2.644076
4.881737,2.644076
4.881737,2.644076
4.881737,2.644076
4.881737,2.644076
4.881737,2.644076
4.881737,2.644076
4.881737,2.644076
4.881737,2.644076
4.881737,2.644076
4.881737,2.644076
4.881737,2.644076
4.881737,2.644076
4.881737,2.644076
4.881737,2.644076
4.881737,2.644076
4.881737,2.644076
4.881737,2.644076
4.881737,2.644076
4.881737,2.644076
4.881737,2.644076
4.881737,2.644076
4.881737,2.644076
4.881737,2.644076
4.881737,2.644076
4.881737,2.644076
4.881737,2.644076
4.881737,2.644076
4.881737,2.644076
4.881737,2.644076
4.881737,2.644076
4.881737,2.644076
4.881737,2.644076
4.881737,2.644076
4.881737,2.644076
4.881737,2.644076
4.881737,2.644076
4.881737,2.644076
4.881737,2.644076
4.881737,2.644076
4.881737,2.644076
4.881737,2.644076
4.881737,2.644076
4.881737,2.644076
4.881737,2.644076
4.881737,2.644076
4.881737,2.644076
4.881737,2.644076
4.881737,2.644076
4.881737,2.644076
4.881737,2.644076
4.881737,2.644076
4.881737,2.644076
4.881737,2.644076
4.881737,2.644076
4.881737,2.644076
4.881737,2.644076
4.881737,2.644076
4.881737,2.644076
4.881737,2.644076
4.881737,2.644076
4.881737,2.644076
4.881737,2.644076
4.881737,2.644076
4.881737,2.644076
4.881737,2.644076
4.881737,2.644076
4.881737,2.644076
4.881737,2.644076
4.881737,2.644076
4.881737,2.644076
4.881737,2.644076
4.881737,2.644076
4.881737,2.644076
4.881737,2.644076
4.881737,2.644076
4.881737,2.644076
4.881737,2.644076
4.881737,2.644076
4.881737,2.644076
4.881737,2.644076
4.881737,2.644076
4.881737,2.644076
4.881737,2.644076
4.881737,2.644076
4.881737,2.644076
4.881737,2.644076
4.881737,2.644076
4.881737,2.644076
4.881737,2.644076
4.881737,2.644076
4.881737,2.644076
4.881737,2.644076
4.881737,2.644076
4.881737,2.644076
4.881737,2.644076
4.881737,2.644076
4.881737,2.644076
4.881737,2.644076
4.881737,2.644076
4.881737,2.644076
4.881737,2.644076
4.881737,2.644076
4.881737,2.644076
4.881737,2.644076
4.881737,2.644076
4.881737,2.644076
4.881737,2.644076
4.881737,2.644076
4.881737,2.644076
4.881737,2.644076
4.881737,2.644076
4.881737,2.644076
4.881737,2.644076
4.881737,2.644076
4.881737,2.644076
4.881737,2.644076
4.881737,2.644076
4.881737,2.644076
4.881737,2.644076
4.881737,2.644076
4.881737,2.644076
4.881737,2.644076
4.881737,2.644076
4.881737,2.644076
4.881737,2.644076
4.881737,2.644076
4.881737,2.644076
4.881737,2.644076
4.881737,2.644076
4.881737,2.644076
4.881737,2.644076
4.881737,2.644076
4.881737,2.644076
4.881737,2.644076
4.881737,2.644076
4.881737,2.644076
4.881737,2.644076
4.881737,2.644076
4.881737,2.644076
4.881737,2.644076
4.881737,2.644076
4.881737,2.644076
4.881737,2.644076
4.881737,2.644076
4.881737,2.644076
4.881737,2.644076
4.881737,2.644076
4.881737,2.644076
4.881737,2.644076
4.881737,2.644076
-4.156798,6.280178
4.881737,2.644076
4.881737,2.644076
4.881737,2.644076
4.881737,2.644076
4.881737,2.644076
4.881737,2.644076
4.881737,2.644076
4.881737,2.644076
4.881737,2.644076
4.881737,2.644076
4.881737,2.644076
4.881737,2.644076
4.881737,2.644076
4.881737,2.644076
4.881737,2.644076
4.881737,2.644076
4.881737,2.644076
4.881737,2.644076
4.881737,2.644076
4.881737,2.644076
4.881737,2.644076
4.881737,2.644076
4.881737,2.644076
4.881737,2.644076
4.881737,2.644076
4.881737,2.644076
4.881737,2.644076
4.881737,2.644076
4.881737,2.644076
4.881737,2.644076
4.881737,2.644076
4.881737,2.644076
4.881737,2.644076
4.881737,2.644076
4.881737,2.644076
4.881737,2.644076
4.881737,2.644076
4.881737,2.644076
4.881737,2.644076
4.881737,2.644076
4.881737,2.644076
4.881737,2.644076
4.881737,2.644076
4.881737,2.644076
4.881737,2.644076
4.881737,2.644076
4.881737,2.644076
4.881737,2.644076
4.881737,2.644076
4.881737,2.644076
4.881737,2.644076
4.881737,2.644076
4.881737,2.644076
4.881737,2.644076
4.881737,2.644076
4.881737,2.644076
4.881737,2.644076
4.881737,2.644076
4.881737,2.644076
4.881737,2.644076
4.881737,2.644076
4.881737,2.644076
4.881737,2.644076
4.881737,2.644076
4.881737,2.644076
4.881737,2.644076
4.881737,2.644076
4.881737,2.644076
4.881737,2.644076
4.881737,2.644076
4.881737,2.644076
4.881737,2.644076
4.881737,2.644076
4.881737,2.644076
4.881737,2.644076
-4.156798,6.280178
-4.156798,6.280178
-4.156798,6.280178
-4.156798,6.280178
-4.156798,6.280178
-4.156798,6.280178
-4.156798,6.280178
-4.156798,6.280178
-4.156798,6.280178
4.881737,2.644076
-4.156798,6.280178
-4.156798,6.280178
-4.156798,6.280178
-4.156798,6.280178
-4.156798,6.280178
-4.156798,6.280178
-4.156798,6.280178
-4.156798,6.280178
-4.156798,6.280178
-4.156798,6.280178
-4.156798,6.280178
-4.156798,6.280178
-4.156798,6.280178
-4.156798,6.280178
-4.156798,6.280178
-4.156798,6.280178
-4.156798,6.280178
-4.156798,6.280178
-4.156798,6.280178
-4.156798,6.280178
-4.156798,6.280178
-4.156798,6.280178
-4.156798,6.280178
-4.156798,6.280178
-4.156798,6.280178
-4.156798,6.280178
-4.156798,6.280178
-4.156798,6.280178
-4.156798,6.280178
-4.156798,6.280178
-4.156798,6.280178
-4.156798,6.280178
4.881737,2.644076
-4.156798,6.280178
-4.156798,6.280178
-4.156798,6.280178
-4.156798,6.280178
-4.156798,6.280178
-4.156798,6.280178
-4.156798,6.280178
-4.156798,6.280178
-4.156798,6.280178
-4.156798,6.280178
-4.156798,6.280178
-4.156798,6.280178
-4.156798,6.280178
-4.156798,6.280178
-4.156798,6.280178
-4.156798,6.280178
-4.156798,6.280178
-4.156798,6.280178
-4.156798,6.280178
-4.156798,6.280178
-4.156798,6.280178
-4.156798,6.280178
-4.156798,6.280178
-4.156798,6.280178
-4.156798,6.280178
-4.156798,6.280178
-4.156798,6.280178
-4.156798,6.280178
-4.156798,6.280178
-4.156798,6.280178
-4.156798,6.280178
-4.156798,6.280178
4.881737,2.644076
-4.156798,6.280178
-4.156798,6.280178
-4.156798,6.280178
-4.156798,6.280178
-4.156798,6.280178
-4.156798,6.280178
-4.156798,6.280178
-4.156798,6.280178
-4.156798,6.280178
-4.156798,6.280178
-4.156798,6.280178
-4.156798,6.280178
-4.156798,6.280178
-4.156798,6.280178
-4.156798,6.280178
4.881737,2.644076
-4.156798,6.280178
-4.156798,6.280178
-4.156798,6.280178
-4.156798,6.280178
-4.156798,6.280178
-4.156798,6.280178
-4.156798,6.280178
-4.156798,6.280178
4.881737,2.644076
-4.156798,6.280178
-4.156798,6.280178
-4.156798,6.280178
-4.156798,6.280178
-4.156798,6.280178
-4.156798,6.280178
-4.156798,6.280178
-4.156798,6.280178
-4.156798,6.280178
-4.156798,6.280178
-4.156798,6.280178
-4.156798,6.280178
-4.156798,6.280178
-4.156798,6.280178
-4.156798,6.280178
-4.156798,6.280178
-4.156798,6.280178
-4.156798,6.280178
-4.156798,6.280178
-4.156798,6.280178
-4.156798,6.280178
-4.156798,6.280178
-4.156798,6.280178
-4.156798,6.280178
-4.156798,6.280178
-4.156798,6.280178
-4.156798,6.280178
-4.156798,6.280178
-4.156798,6.280178
-4.156798,6.280178
-4.156798,6.280178
-4.156798,6.280178
-4.156798,6.280178
-4.156798,6.280178
-4.156798,6.280178
-4.156798,6.280178
-4.156798,6.280178
-4.156798,6.280178
-4.156798,6.280178
-4.156798,6.280178
-4.156798,6.280178
-4.156798,6.280178
-4.156798,6.280178
-4.156798,6.280178
-4.156798,6.280178
-4.156798,6.280178
-4.156798,6.280178
-4.156798,6.280178
-4.156798,6.280178
